"TCGA_model_src_name","exp_model_id","DepMap_model_src_name","Cancer Type"
"ACC",312,"SW13","Adrenocortical Carcinoma"
"BLCA",6156,"UMUC14","Bladder Urothelial Carcinoma"
"BLCA",6159,"UMUC5","Bladder Urothelial Carcinoma"
"BLCA",36,"RT4","Bladder Urothelial Carcinoma"
"BLCA",8603,"SCABER","Bladder Urothelial Carcinoma"
"BLCA",3356,"SW780","Bladder Urothelial Carcinoma"
"BLCA",322,"T24","Bladder Urothelial Carcinoma"
"BLCA",6158,"UMUC4","Bladder Urothelial Carcinoma"
"BLCA",5641,"JMSU1","Bladder Urothelial Carcinoma"
"BLCA",6131,"RT11284","Bladder Urothelial Carcinoma"
"BLCA",206,"J82","Bladder Urothelial Carcinoma"
"BLCA",2683,"647V","Bladder Urothelial Carcinoma"
"BLCA",6155,"UMUC13","Bladder Urothelial Carcinoma"
"BLCA",20156,"253JBV","Bladder Urothelial Carcinoma"
"BLCA",6157,"UMUC16","Bladder Urothelial Carcinoma"
"BLCA",3541,"BC3C","Bladder Urothelial Carcinoma"
"BLCA",2682,"639V","Bladder Urothelial Carcinoma"
"BLCA",3004,"LB831BLC","Bladder Urothelial Carcinoma"
"BLCA",2978,"KU1919","Bladder Urothelial Carcinoma"
"BLCA",20154,"253J","Bladder Urothelial Carcinoma"
"BLCA",3409,"UMUC3","Bladder Urothelial Carcinoma"
"BLCA",6162,"UMUC9","Bladder Urothelial Carcinoma"
"BLCA",2926,"HT1376","Bladder Urothelial Carcinoma"
"BLCA",6160,"UMUC6","Bladder Urothelial Carcinoma"
"BLCA",3412,"VMCUB1","Bladder Urothelial Carcinoma"
"BLCA",6154,"UMUC11","Bladder Urothelial Carcinoma"
"BLCA",3299,"RT112","Bladder Urothelial Carcinoma"
"BLCA",2925,"HT1197","Bladder Urothelial Carcinoma"
"BLCA",6333,"KMBC2","Bladder Urothelial Carcinoma"
"BLCA",2717,"BFTC905","Bladder Urothelial Carcinoma"
"BLCA",2718,"BFTC909","Bladder Urothelial Carcinoma"
"BLCA",6152,"UMUC1","Bladder Urothelial Carcinoma"
"BLCA",3434,"CAL29","Bladder Urothelial Carcinoma"
"BLCA",400,"HS172T","Bladder Urothelial Carcinoma"
"BLCA",17118,"ACCS","Bladder Urothelial Carcinoma"
"BLCA",6147,"UBLC1","Bladder Urothelial Carcinoma"
"BLCA",3349,"SW1710","Bladder Urothelial Carcinoma"
"BLCA",6153,"UMUC10","Bladder Urothelial Carcinoma"
"BLCA",3366,"TCCSUP","Bladder Urothelial Carcinoma"
"BLCA",2816,"DSH1","Bladder Urothelial Carcinoma"
"BLCA",6161,"UMUC7","Bladder Urothelial Carcinoma"
"BLCA",78091,"SLR20","Bladder Urothelial Carcinoma"
"BLCA",98,"5637","Bladder Urothelial Carcinoma"
"BRCA",2893,"HCC1954","Breast Invasive Carcinoma"
"BRCA",2726,"BT549","Breast Invasive Carcinoma"
"BRCA",3438,"EFM192A","Breast Invasive Carcinoma"
"BRCA",6214,"YMB1","Breast Invasive Carcinoma"
"BRCA",33,"SKBR3","Breast Invasive Carcinoma"
"BRCA",2892,"HCC1806","Breast Invasive Carcinoma"
"BRCA",6215,"YMB1E","Breast Invasive Carcinoma"
"BRCA",366,"MDAMB415","Breast Invasive Carcinoma"
"BRCA",8540,"SUM44PE","Breast Invasive Carcinoma"
"BRCA",8537,"SUM102PT","Breast Invasive Carcinoma"
"BRCA",454,"HS281T","Breast Invasive Carcinoma"
"BRCA",2897,"HCC2218","Breast Invasive Carcinoma"
"BRCA",2904,"HCC70","Breast Invasive Carcinoma"
"BRCA",14171,"SKBR5","Breast Invasive Carcinoma"
"BRCA",2889,"HCC1569","Breast Invasive Carcinoma"
"BRCA",321,"T47D","Breast Invasive Carcinoma"
"BRCA",162,"HCC1937","Breast Invasive Carcinoma"
"BRCA",5628,"HCC202","Breast Invasive Carcinoma"
"BRCA",2841,"EVSAT","Breast Invasive Carcinoma"
"BRCA",3062,"MRKNU1","Breast Invasive Carcinoma"
"BRCA",14362,"SUM229PE","Breast Invasive Carcinoma"
"BRCA",3252,"OCUBM","Breast Invasive Carcinoma"
"BRCA",5652,"KPL1","Breast Invasive Carcinoma"
"BRCA",2744,"CAL51","Breast Invasive Carcinoma"
"BRCA",8514,"HCC2185","Breast Invasive Carcinoma"
"BRCA",31,"MCF7","Breast Invasive Carcinoma"
"BRCA",465,"HS343T","Breast Invasive Carcinoma"
"BRCA",6163,"VP229","Breast Invasive Carcinoma"
"BRCA",2895,"HCC2157","Breast Invasive Carcinoma"
"BRCA",150,"EFM19","Breast Invasive Carcinoma"
"BRCA",2888,"HCC1500","Breast Invasive Carcinoma"
"BRCA",11595,"MX1","Breast Invasive Carcinoma"
"BRCA",2890,"HCC1599","Breast Invasive Carcinoma"
"BRCA",14373,"ZR75B","Breast Invasive Carcinoma"
"BRCA",2886,"HCC1428","Breast Invasive Carcinoma"
"BRCA",8515,"HCC2688","Breast Invasive Carcinoma"
"BRCA",8541,"SUM52PE","Breast Invasive Carcinoma"
"BRCA",20152,"21NT","Breast Invasive Carcinoma"
"BRCA",5633,"HDQP1","Breast Invasive Carcinoma"
"BRCA",5637,"JIMT1","Breast Invasive Carcinoma"
"BRCA",347,"ZR751","Breast Invasive Carcinoma"
"BRCA",450,"HS274T","Breast Invasive Carcinoma"
"BRCA",26426,"600MPE","Breast Invasive Carcinoma"
"BRCA",3042,"MFM223","Breast Invasive Carcinoma"
"BRCA",368,"MDAMB436","Breast Invasive Carcinoma"
"BRCA",2901,"HCC38","Breast Invasive Carcinoma"
"BRCA",8538,"SUM149PT","Breast Invasive Carcinoma"
"BRCA",14172,"SKBR7","Breast Invasive Carcinoma"
"BRCA",362,"MDAMB134VI","Breast Invasive Carcinoma"
"BRCA",2740,"CAL148","Breast Invasive Carcinoma"
"BRCA",363,"MDAMB157","Breast Invasive Carcinoma"
"BRCA",8516,"HCC3153","Breast Invasive Carcinoma"
"BRCA",365,"MDAMB361","Breast Invasive Carcinoma"
"BRCA",2817,"DU4475","Breast Invasive Carcinoma"
"BRCA",3407,"UACC812","Breast Invasive Carcinoma"
"BRCA",8539,"SUM190PT","Breast Invasive Carcinoma"
"BRCA",625,"HS742T","Breast Invasive Carcinoma"
"BRCA",558,"HS606T","Breast Invasive Carcinoma"
"BRCA",2738,"CAL120","Breast Invasive Carcinoma"
"BRCA",2881,"HCC1187","Breast Invasive Carcinoma"
"BRCA",3292,"ZR7530","Breast Invasive Carcinoma"
"BRCA",6307,"HMC18","Breast Invasive Carcinoma"
"BRCA",192,"HS578T","Breast Invasive Carcinoma"
"BRCA",2885,"HCC1419","Breast Invasive Carcinoma"
"BRCA",118,"BT20","Breast Invasive Carcinoma"
"BRCA",11493,"MACLS2","Breast Invasive Carcinoma"
"BRCA",26148,"LY2","Breast Invasive Carcinoma"
"BRCA",3408,"UACC893","Breast Invasive Carcinoma"
"BRCA",119,"BT474","Breast Invasive Carcinoma"
"BRCA",364,"MDAMB330","Breast Invasive Carcinoma"
"BRCA",2770,"COLO824","Breast Invasive Carcinoma"
"BRCA",246,"MDAMB453","Breast Invasive Carcinoma"
"BRCA",619,"HS739T","Breast Invasive Carcinoma"
"BRCA",3034,"MDAMB175VII","Breast Invasive Carcinoma"
"BRCA",2708,"AU565","Breast Invasive Carcinoma"
"BRCA",52,"MDAMB231","Breast Invasive Carcinoma"
"BRCA",5792,"BT483","Breast Invasive Carcinoma"
"BRCA",14359,"SUM185PE","Breast Invasive Carcinoma"
"BRCA",2749,"CAMA1","Breast Invasive Carcinoma"
"BRCA",2883,"HCC1395","Breast Invasive Carcinoma"
"BRCA",2878,"HCC1008","Breast Invasive Carcinoma"
"BRCA",14264,"SUM159PT","Breast Invasive Carcinoma"
"BRCA",2748,"CAL851","Breast Invasive Carcinoma"
"BRCA",2879,"HCC1143","Breast Invasive Carcinoma"
"BRCA",247,"MDAMB468","Breast Invasive Carcinoma"
"BRCA",14358,"SUM1315MO2","Breast Invasive Carcinoma"
"BRCA",14361,"SUM225CWN","Breast Invasive Carcinoma"
"CESC",3332,"SKGIIIA","Cervical Squamous Cell Carcinoma And Endocervical Adenocarcinoma"
"CESC",3365,"TCYIK","Cervical Squamous Cell Carcinoma And Endocervical Adenocarcinoma"
"CESC",2734,"CASKI","Cervical Squamous Cell Carcinoma And Endocervical Adenocarcinoma"
"CESC",3355,"SW756","Cervical Squamous Cell Carcinoma And Endocervical Adenocarcinoma"
"CESC",11737,"MS751","Cervical Squamous Cell Carcinoma And Endocervical Adenocarcinoma"
"CESC",2728,"C33A","Cervical Squamous Cell Carcinoma And Endocervical Adenocarcinoma"
"CESC",2815,"DOTC24510","Cervical Squamous Cell Carcinoma And Endocervical Adenocarcinoma"
"CESC",2927,"HT3","Cervical Squamous Cell Carcinoma And Endocervical Adenocarcinoma"
"CESC",32,"SIHA","Cervical Squamous Cell Carcinoma And Endocervical Adenocarcinoma"
"CESC",30,"HELA","Cervical Squamous Cell Carcinoma And Endocervical Adenocarcinoma"
"CESC",3254,"OMC1","Cervical Squamous Cell Carcinoma And Endocervical Adenocarcinoma"
"CESC",2729,"C4II","Cervical Squamous Cell Carcinoma And Endocervical Adenocarcinoma"
"CESC",2723,"BOKU","Cervical Squamous Cell Carcinoma And Endocervical Adenocarcinoma"
"CESC",6197,"SKGII","Cervical Squamous Cell Carcinoma And Endocervical Adenocarcinoma"
"CESC",6196,"SKGI","Cervical Squamous Cell Carcinoma And Endocervical Adenocarcinoma"
"CESC",8507,"BGC823","Cervical Squamous Cell Carcinoma And Endocervical Adenocarcinoma"
"CESC",6279,"HCS2","Cervical Squamous Cell Carcinoma And Endocervical Adenocarcinoma"
"CESC",8512,"GLC82","Cervical Squamous Cell Carcinoma And Endocervical Adenocarcinoma"
"CESC",6277,"HCA1","Cervical Squamous Cell Carcinoma And Endocervical Adenocarcinoma"
"CESC",17187,"SF767","Cervical Squamous Cell Carcinoma And Endocervical Adenocarcinoma"
"CESC",3035,"ME180","Cervical Squamous Cell Carcinoma And Endocervical Adenocarcinoma"
"CESC",6280,"HCSC1","Cervical Squamous Cell Carcinoma And Endocervical Adenocarcinoma"
"CESC",23262,"HOKUG","Cervical Squamous Cell Carcinoma And Endocervical Adenocarcinoma"
"CESC",5736,"C4I","Cervical Squamous Cell Carcinoma And Endocervical Adenocarcinoma"
"CESC",5699,"SISO","Cervical Squamous Cell Carcinoma And Endocervical Adenocarcinoma"
"CHOL",80003,"ICC5","Cholangiocarcinoma"
"CHOL",13984,"SNU1079","Cholangiocarcinoma"
"CHOL",80002,"ICC2","Cholangiocarcinoma"
"CHOL",5713,"TFK1","Cholangiocarcinoma"
"CHOL",8835,"KKU100","Cholangiocarcinoma"
"CHOL",22874,"G415","Cholangiocarcinoma"
"CHOL",14363,"TKKK","Cholangiocarcinoma"
"CHOL",8254,"NOZ","Cholangiocarcinoma"
"CHOL",188,"HUCCT1","Cholangiocarcinoma"
"CHOL",2840,"ETK1","Cholangiocarcinoma"
"CHOL",62313,"KKU213","Cholangiocarcinoma"
"CHOL",11703,"SSP25","Cholangiocarcinoma"
"CHOL",13991,"SNU1196","Cholangiocarcinoma"
"CHOL",8258,"OCUG1","Cholangiocarcinoma"
"CHOL",291,"SG231","Cholangiocarcinoma"
"CHOL",129,"CCLP1","Cholangiocarcinoma"
"CHOL",14023,"SNU308","Cholangiocarcinoma"
"CHOL",3398,"TGBC24TKB","Cholangiocarcinoma"
"CHOL",11697,"RBE","Cholangiocarcinoma"
"CHOL",20186,"KMCH1","Cholangiocarcinoma"
"CHOL",6311,"HUH28","Cholangiocarcinoma"
"CHOL",41689,"HKGZCC","Cholangiocarcinoma"
"CHOL",2827,"EGI1","Cholangiocarcinoma"
"CHOL",8614,"YSCCC","Cholangiocarcinoma"
"CHOL",14013,"SNU245","Cholangiocarcinoma"
"CHOL",29281,"CCSW1","Cholangiocarcinoma"
"CHOL",3397,"TGBC1TKB","Cholangiocarcinoma"
"COAD",185,"HT29","Colon Adenocarcinoma"
"COAD",29434,"NCIH854","Colon Adenocarcinoma"
"COAD",323,"T84","Colon Adenocarcinoma"
"COAD",14002,"SNU1544","Colon Adenocarcinoma"
"COAD",3552,"COLO201","Colon Adenocarcinoma"
"COAD",3549,"CL14","Colon Adenocarcinoma"
"COAD",26529,"NCIH684","Colon Adenocarcinoma"
"COAD",3550,"CL34","Colon Adenocarcinoma"
"COAD",14086,"SNUC4","Colon Adenocarcinoma"
"COAD",5941,"HCT8","Colon Adenocarcinoma"
"COAD",3548,"CL11","Colon Adenocarcinoma"
"COAD",14186,"C10","Colon Adenocarcinoma"
"COAD",6243,"CCK81","Colon Adenocarcinoma"
"COAD",3554,"COLO320","Colon Adenocarcinoma"
"COAD",6278,"HCC56","Colon Adenocarcinoma"
"COAD",316,"SW480","Colon Adenocarcinoma"
"COAD",13979,"SNU1040","Colon Adenocarcinoma"
"COAD",3336,"SNUC1","Colon Adenocarcinoma"
"COAD",14006,"SNU175","Colon Adenocarcinoma"
"COAD",376,"SW948","Colon Adenocarcinoma"
"COAD",136,"COLO320HSR","Colon Adenocarcinoma"
"COAD",3551,"CL40","Colon Adenocarcinoma"
"COAD",134,"COLO205","Colon Adenocarcinoma"
"COAD",370,"SKCO1","Colon Adenocarcinoma"
"COAD",315,"SW403","Colon Adenocarcinoma"
"COAD",2730,"C2BBE1","Colon Adenocarcinoma"
"COAD",5973,"HRT18","Colon Adenocarcinoma"
"COAD",3353,"SW626","Colon Adenocarcinoma"
"COAD",8720,"SW527","Colon Adenocarcinoma"
"COAD",14189,"C75","Colon Adenocarcinoma"
"COAD",14033,"SNU407","Colon Adenocarcinoma"
"COAD",14073,"SNU81","Colon Adenocarcinoma"
"COAD",5913,"GP2D","Colon Adenocarcinoma"
"COAD",317,"SW620","Colon Adenocarcinoma"
"COAD",314,"SW1116","Colon Adenocarcinoma"
"COAD",25,"CACO2","Colon Adenocarcinoma"
"COAD",3017,"LS123","Colon Adenocarcinoma"
"COAD",22858,"C125PM","Colon Adenocarcinoma"
"COAD",13992,"SNU1197","Colon Adenocarcinoma"
"COAD",2785,"CW2","Colon Adenocarcinoma"
"COAD",2869,"GP5D","Colon Adenocarcinoma"
"COAD",148,"DLD1","Colon Adenocarcinoma"
"COAD",2900,"HCC2998","Colon Adenocarcinoma"
"COAD",164,"HCT15","Colon Adenocarcinoma"
"COAD",235,"LOVO","Colon Adenocarcinoma"
"COAD",3345,"SW1417","Colon Adenocarcinoma"
"COAD",234,"LS180","Colon Adenocarcinoma"
"COAD",3352,"SW48","Colon Adenocarcinoma"
"DLBC",3487,"CI1","Lymphoid Neoplasm Diffuse Large B-Cell Lymphoma"
"DLBC",2781,"CROAP2","Lymphoid Neoplasm Diffuse Large B-Cell Lymphoma"
"DLBC",2802,"DB","Lymphoid Neoplasm Diffuse Large B-Cell Lymphoma"
"DLBC",309,"SUDHL4","Lymphoid Neoplasm Diffuse Large B-Cell Lymphoma"
"DLBC",3503,"OCILY19","Lymphoid Neoplasm Diffuse Large B-Cell Lymphoma"
"DLBC",23335,"LY2","Lymphoid Neoplasm Diffuse Large B-Cell Lymphoma"
"DLBC",3514,"SUDHL10","Lymphoid Neoplasm Diffuse Large B-Cell Lymphoma"
"DLBC",8482,"PFEIFFER","Lymphoid Neoplasm Diffuse Large B-Cell Lymphoma"
"DLBC",3513,"SC1","Lymphoid Neoplasm Diffuse Large B-Cell Lymphoma"
"DLBC",3502,"NUDUL1","Lymphoid Neoplasm Diffuse Large B-Cell Lymphoma"
"DLBC",3525,"WSUDLCL2","Lymphoid Neoplasm Diffuse Large B-Cell Lymphoma"
"DLBC",2813,"DOHH2","Lymphoid Neoplasm Diffuse Large B-Cell Lymphoma"
"DLBC",2783,"CTB1","Lymphoid Neoplasm Diffuse Large B-Cell Lymphoma"
"DLBC",8461,"FARAGE","Lymphoid Neoplasm Diffuse Large B-Cell Lymphoma"
"DLBC",23331,"OCILY10","Lymphoid Neoplasm Diffuse Large B-Cell Lymphoma"
"DLBC",23332,"OCILY12","Lymphoid Neoplasm Diffuse Large B-Cell Lymphoma"
"DLBC",23333,"OCILY132","Lymphoid Neoplasm Diffuse Large B-Cell Lymphoma"
"DLBC",3515,"SUDHL16","Lymphoid Neoplasm Diffuse Large B-Cell Lymphoma"
"DLBC",5706,"SUDHL6","Lymphoid Neoplasm Diffuse Large B-Cell Lymphoma"
"DLBC",3501,"NUDHL1","Lymphoid Neoplasm Diffuse Large B-Cell Lymphoma"
"DLBC",5707,"SUDHL8","Lymphoid Neoplasm Diffuse Large B-Cell Lymphoma"
"DLBC",3505,"OCILY18","Lymphoid Neoplasm Diffuse Large B-Cell Lymphoma"
"DLBC",3288,"RF48","Lymphoid Neoplasm Diffuse Large B-Cell Lymphoma"
"DLBC",3508,"RCK8","Lymphoid Neoplasm Diffuse Large B-Cell Lymphoma"
"DLBC",83268,"U2904","Lymphoid Neoplasm Diffuse Large B-Cell Lymphoma"
"DLBC",2924,"HT","Lymphoid Neoplasm Diffuse Large B-Cell Lymphoma"
"DLBC",3291,"RL","Lymphoid Neoplasm Diffuse Large B-Cell Lymphoma"
"DLBC",3512,"ROS50","Lymphoid Neoplasm Diffuse Large B-Cell Lymphoma"
"DLBC",3033,"MC116","Lymphoid Neoplasm Diffuse Large B-Cell Lymphoma"
"DLBC",8682,"JSC1","Lymphoid Neoplasm Diffuse Large B-Cell Lymphoma"
"DLBC",3445,"VAL","Lymphoid Neoplasm Diffuse Large B-Cell Lymphoma"
"DLBC",23336,"OCILY3","Lymphoid Neoplasm Diffuse Large B-Cell Lymphoma"
"DLBC",2713,"BC1","Lymphoid Neoplasm Diffuse Large B-Cell Lymphoma"
"DLBC",2959,"KARPAS422","Lymphoid Neoplasm Diffuse Large B-Cell Lymphoma"
"DLBC",2696,"A3KAW","Lymphoid Neoplasm Diffuse Large B-Cell Lymphoma"
"DLBC",3510,"RI1","Lymphoid Neoplasm Diffuse Large B-Cell Lymphoma"
"DLBC",3506,"OCILY7","Lymphoid Neoplasm Diffuse Large B-Cell Lymphoma"
"DLBC",3363,"SUDHL5","Lymphoid Neoplasm Diffuse Large B-Cell Lymphoma"
"DLBC",8611,"TOLEDO","Lymphoid Neoplasm Diffuse Large B-Cell Lymphoma"
"DLBC",2714,"BC3","Lymphoid Neoplasm Diffuse Large B-Cell Lymphoma"
"DLBC",3436,"CROAP3","Lymphoid Neoplasm Diffuse Large B-Cell Lymphoma"
"DLBC",3047,"MHHPREB1","Lymphoid Neoplasm Diffuse Large B-Cell Lymphoma"
"DLBC",3312,"SCC3","Lymphoid Neoplasm Diffuse Large B-Cell Lymphoma"
"DLBC",6334,"KML1","Lymphoid Neoplasm Diffuse Large B-Cell Lymphoma"
"DLBC",3447,"KARPAS1106P","Lymphoid Neoplasm Diffuse Large B-Cell Lymphoma"
"DLBC",3448,"KARPAS231","Lymphoid Neoplasm Diffuse Large B-Cell Lymphoma"
"DLBC",3419,"WSUNHL","Lymphoid Neoplasm Diffuse Large B-Cell Lymphoma"
"DLBC",8386,"TK","Lymphoid Neoplasm Diffuse Large B-Cell Lymphoma"
"DLBC",90,"BCP1","Lymphoid Neoplasm Diffuse Large B-Cell Lymphoma"
"ESCA",5617,"FLO1","Esophageal Carcinoma"
"ESCA",3388,"TE10","Esophageal Carcinoma"
"ESCA",3387,"TE1","Esophageal Carcinoma"
"ESCA",2765,"COLO680N","Esophageal Carcinoma"
"ESCA",273,"OE33","Esophageal Carcinoma"
"ESCA",22803,"JHESOAD1","Esophageal Carcinoma"
"ESCA",5614,"ESO51","Esophageal Carcinoma"
"ESCA",2987,"KYSE450","Esophageal Carcinoma"
"ESCA",3391,"TE15","Esophageal Carcinoma"
"ESCA",3253,"OE19","Esophageal Carcinoma"
"ESCA",6099,"OE21","Esophageal Carcinoma"
"ESCA",3389,"TE11","Esophageal Carcinoma"
"ESCA",2985,"KYSE30","Esophageal Carcinoma"
"ESCA",2989,"KYSE520","Esophageal Carcinoma"
"ESCA",3392,"TE5","Esophageal Carcinoma"
"ESCA",2988,"KYSE510","Esophageal Carcinoma"
"ESCA",2986,"KYSE410","Esophageal Carcinoma"
"ESCA",2982,"KYSE150","Esophageal Carcinoma"
"ESCA",8493,"TE4","Esophageal Carcinoma"
"ESCA",8492,"TE14","Esophageal Carcinoma"
"ESCA",5701,"SKGT4","Esophageal Carcinoma"
"ESCA",2821,"ECGI10","Esophageal Carcinoma"
"ESCA",2993,"KYSE220","Esophageal Carcinoma"
"ESCA",3390,"TE12","Esophageal Carcinoma"
"ESCA",3393,"TE6","Esophageal Carcinoma"
"ESCA",2990,"KYSE70","Esophageal Carcinoma"
"ESCA",2983,"KYSE180","Esophageal Carcinoma"
"ESCA",2981,"KYSE140","Esophageal Carcinoma"
"ESCA",2984,"KYSE270","Esophageal Carcinoma"
"ESCA",3395,"TE9","Esophageal Carcinoma"
"ESCA",3468,"OACM51","Esophageal Carcinoma"
"ESCA",5613,"ESO26","Esophageal Carcinoma"
"ESCA",3451,"KYAE1","Esophageal Carcinoma"
"ESCA",2994,"KYSE50","Esophageal Carcinoma"
"ESCA",3394,"TE8","Esophageal Carcinoma"
"ESCA",3469,"OACP4C","Esophageal Carcinoma"
"ESCA",8344,"TDOTT","Esophageal Carcinoma"
"ESCA",2905,"HCE4","Esophageal Carcinoma"
"GBM",13799,"ONDA8","Glioblastoma Multiforme"
"GBM",4933,"NP3","Glioblastoma Multiforme"
"GBM",2800,"D566MG","Glioblastoma Multiforme"
"GBM",11594,"U343","Glioblastoma Multiforme"
"GBM",2796,"D502MG","Glioblastoma Multiforme"
"GBM",68677,"BT12","Glioblastoma Multiforme"
"GBM",3422,"YKG1","Glioblastoma Multiforme"
"GBM",13986,"SNU1105","Glioblastoma Multiforme"
"GBM",4934,"NP5","Glioblastoma Multiforme"
"GBM",8250,"NO10","Glioblastoma Multiforme"
"GBM",8802,"LN382","Glioblastoma Multiforme"
"GBM",8251,"NO11","Glioblastoma Multiforme"
"GBM",2962,"KINGS1","Glioblastoma Multiforme"
"GBM",2798,"D542MG","Glioblastoma Multiforme"
"GBM",14008,"SNU201","Glioblastoma Multiforme"
"GBM",6200,"KNS81","Glioblastoma Multiforme"
"GBM",2803,"DBTRG05MG","Glioblastoma Multiforme"
"GBM",230,"LN18","Glioblastoma Multiforme"
"GBM",23086,"A1207","Glioblastoma Multiforme"
"GBM",2704,"AM38","Glioblastoma Multiforme"
"GBM",2786,"D245MG","Glioblastoma Multiforme"
"GBM",2957,"KALS1","Glioblastoma Multiforme"
"GBM",3424,"42MGBA","Glioblastoma Multiforme"
"GBM",2794,"D423MG","Glioblastoma Multiforme"
"GBM",99,"A172","Glioblastoma Multiforme"
"GBM",3319,"SF295","Glioblastoma Multiforme"
"GBM",14039,"SNU466","Glioblastoma Multiforme"
"GBM",2860,"GAMG","Glioblastoma Multiforme"
"GBM",5620,"GOS3","Glioblastoma Multiforme"
"GBM",2686,"8MGBA","Glioblastoma Multiforme"
"GBM",236,"M059J","Glioblastoma Multiforme"
"GBM",78098,"SF172","Glioblastoma Multiforme"
"GBM",69236,"U343","Glioblastoma Multiforme"
"GBM",2807,"DKMG","Glioblastoma Multiforme"
"GBM",231,"LN229","Glioblastoma Multiforme"
"GBM",8801,"LN340","Glioblastoma Multiforme"
"GBM",2751,"CAS1","Glioblastoma Multiforme"
"GBM",2792,"D392MG","Glioblastoma Multiforme"
"GBM",3012,"LN405","Glioblastoma Multiforme"
"GBM",8808,"LN464","Glioblastoma Multiforme"
"GBM",3421,"YH13","Glioblastoma Multiforme"
"GBM",4932,"NP2","Glioblastoma Multiforme"
"GBM",6055,"MOGGCCM","Glioblastoma Multiforme"
"GBM",5775,"ANGMCSS","Glioblastoma Multiforme"
"GBM",3334,"SNB75","Glioblastoma Multiforme"
"GBM",2790,"D336MG","Glioblastoma Multiforme"
"GBM",2970,"KNS81FD","Glioblastoma Multiforme"
"GBM",2788,"D263MG","Glioblastoma Multiforme"
"GBM",3317,"SF126","Glioblastoma Multiforme"
"GBM",4931,"ONDA9","Glioblastoma Multiforme"
"GBM",2861,"GB1","Glioblastoma Multiforme"
"GBM",14044,"SNU489","Glioblastoma Multiforme"
"GBM",13797,"NP8","Glioblastoma Multiforme"
"GBM",222,"KNS42","Glioblastoma Multiforme"
"GBM",22,"U87MG","Glioblastoma Multiforme"
"GBM",237,"M059K","Glioblastoma Multiforme"
"GBM",69460,"GB2","Glioblastoma Multiforme"
"GBM",49873,"U87MG","Glioblastoma Multiforme"
"GBM",6199,"KNS60","Glioblastoma Multiforme"
"GBM",8806,"LN443","Glioblastoma Multiforme"
"GBM",8805,"LN428","Glioblastoma Multiforme"
"GBM",6056,"MOGGUVW","Glioblastoma Multiforme"
"GBM",2867,"GMS10","Glioblastoma Multiforme"
"GBM",324,"T98G","Glioblastoma Multiforme"
"GBM",13798,"ONDA7","Glioblastoma Multiforme"
"GBM",2977,"KS1","Glioblastoma Multiforme"
"GBM",14055,"SNU626","Glioblastoma Multiforme"
"GBM",3350,"SW1783","Glioblastoma Multiforme"
"HNSC",3313,"SCC4","Head And Neck Squamous Cell Carcinoma"
"HNSC",6108,"PECAPJ34CLONEC12","Head And Neck Squamous Cell Carcinoma"
"HNSC",3314,"SCC9","Head And Neck Squamous Cell Carcinoma"
"HNSC",3003,"LB771HNC","Head And Neck Squamous Cell Carcinoma"
"HNSC",5720,"UPCISCC074","Head And Neck Squamous Cell Carcinoma"
"HNSC",13982,"SNU1076","Head And Neck Squamous Cell Carcinoma"
"HNSC",6109,"PECAPJ41CLONED2","Head And Neck Squamous Cell Carcinoma"
"HNSC",5788,"BICR78","Head And Neck Squamous Cell Carcinoma"
"HNSC",5786,"BICR56","Head And Neck Squamous Cell Carcinoma"
"HNSC",5787,"BICR6","Head And Neck Squamous Cell Carcinoma"
"HNSC",5782,"BICR18","Head And Neck Squamous Cell Carcinoma"
"HNSC",2917,"HN","Head And Neck Squamous Cell Carcinoma"
"HNSC",5726,"UPCISCC154","Head And Neck Squamous Cell Carcinoma"
"HNSC",5725,"UPCISCC131","Head And Neck Squamous Cell Carcinoma"
"HNSC",5785,"BICR31","Head And Neck Squamous Cell Carcinoma"
"HNSC",2741,"CAL27","Head And Neck Squamous Cell Carcinoma"
"HNSC",3311,"SCC25","Head And Neck Squamous Cell Carcinoma"
"HNSC",5724,"UPCISCC116","Head And Neck Squamous Cell Carcinoma"
"HNSC",5718,"UPCISCC040","Head And Neck Squamous Cell Carcinoma"
"HNSC",2923,"HSC4","Head And Neck Squamous Cell Carcinoma"
"HNSC",14567,"JHU011","Head And Neck Squamous Cell Carcinoma"
"HNSC",14572,"JHU022","Head And Neck Squamous Cell Carcinoma"
"HNSC",6110,"PECAPJ49","Head And Neck Squamous Cell Carcinoma"
"HNSC",3310,"SCC15","Head And Neck Squamous Cell Carcinoma"
"HNSC",5717,"UPCISCC026","Head And Neck Squamous Cell Carcinoma"
"HNSC",35539,"UPCISCC152","Head And Neck Squamous Cell Carcinoma"
"HNSC",2742,"CAL33","Head And Neck Squamous Cell Carcinoma"
"HNSC",5783,"BICR22","Head And Neck Squamous Cell Carcinoma"
"HNSC",20034,"SCC9","Head And Neck Squamous Cell Carcinoma"
"HNSC",60369,"YD8","Head And Neck Squamous Cell Carcinoma"
"HNSC",3304,"SAS","Head And Neck Squamous Cell Carcinoma"
"HNSC",2918,"HO1N1","Head And Neck Squamous Cell Carcinoma"
"HNSC",13981,"SNU1066","Head And Neck Squamous Cell Carcinoma"
"HNSC",60373,"YD38","Head And Neck Squamous Cell Carcinoma"
"HNSC",60375,"SNU1041","Head And Neck Squamous Cell Carcinoma"
"HNSC",41685,"UDSCC2","Head And Neck Squamous Cell Carcinoma"
"HNSC",8190,"KON","Head And Neck Squamous Cell Carcinoma"
"HNSC",19992,"SCC4","Head And Neck Squamous Cell Carcinoma"
"HNSC",5781,"BICR16","Head And Neck Squamous Cell Carcinoma"
"HNSC",19976,"SCC25","Head And Neck Squamous Cell Carcinoma"
"HNSC",19981,"SCC3","Head And Neck Squamous Cell Carcinoma"
"HNSC",5780,"BICR10","Head And Neck Squamous Cell Carcinoma"
"HNSC",2720,"BHY","Head And Neck Squamous Cell Carcinoma"
"HNSC",6107,"PECAPJ15","Head And Neck Squamous Cell Carcinoma"
"HNSC",29314,"H3118","Head And Neck Squamous Cell Carcinoma"
"HNSC",14038,"SNU46","Head And Neck Squamous Cell Carcinoma"
"HNSC",14080,"SNU899","Head And Neck Squamous Cell Carcinoma"
"HNSC",14574,"JHU029","Head And Neck Squamous Cell Carcinoma"
"HNSC",2805,"DETROIT562","Head And Neck Squamous Cell Carcinoma"
"HNSC",62501,"PCI38","Head And Neck Squamous Cell Carcinoma"
"HNSC",2736,"CA922","Head And Neck Squamous Cell Carcinoma"
"HNSC",8262,"OSC20","Head And Neck Squamous Cell Carcinoma"
"HNSC",8261,"OSC19","Head And Neck Squamous Cell Carcinoma"
"HNSC",13993,"SNU1214","Head And Neck Squamous Cell Carcinoma"
"HNSC",5928,"H413","Head And Neck Squamous Cell Carcinoma"
"HNSC",36125,"PCI30","Head And Neck Squamous Cell Carcinoma"
"HNSC",35658,"PCI15A","Head And Neck Squamous Cell Carcinoma"
"HNSC",35645,"PCI4B","Head And Neck Squamous Cell Carcinoma"
"HNSC",2711,"BB49HNC","Head And Neck Squamous Cell Carcinoma"
"HNSC",35647,"PCI6A","Head And Neck Squamous Cell Carcinoma"
"HNSC",6188,"HO1U1","Head And Neck Squamous Cell Carcinoma"
"HNSC",2852,"FADU","Head And Neck Squamous Cell Carcinoma"
"HNSC",2922,"HSC3","Head And Neck Squamous Cell Carcinoma"
"HNSC",8333,"SAT","Head And Neck Squamous Cell Carcinoma"
"HNSC",2921,"HSC2","Head And Neck Squamous Cell Carcinoma"
"HNSC",8338,"SKN3","Head And Neck Squamous Cell Carcinoma"
"HNSC",23409,"YD10B","Head And Neck Squamous Cell Carcinoma"
"HNSC",2971,"KOSC2CL343","Head And Neck Squamous Cell Carcinoma"
"HNSC",3294,"RPMI2650","Head And Neck Squamous Cell Carcinoma"
"HNSC",2971,"KOSC2","Head And Neck Squamous Cell Carcinoma"
"HNSC",3522,"UPCISCC090","Head And Neck Squamous Cell Carcinoma"
"HNSC",23410,"YD15","Head And Neck Squamous Cell Carcinoma"
"HNSC",5925,"H357","Head And Neck Squamous Cell Carcinoma"
"HNSC",5920,"H103","Head And Neck Squamous Cell Carcinoma"
"HNSC",2710,"BB30HNC","Head And Neck Squamous Cell Carcinoma"
"HNSC",5926,"H376","Head And Neck Squamous Cell Carcinoma"
"KIRC",14029,"SNU349","Kidney Renal Clear Cell Carcinoma"
"KIRC",3257,"OSRC2","Kidney Renal Clear Cell Carcinoma"
"KIRC",2745,"CAL54","Kidney Renal Clear Cell Carcinoma"
"KIRC",6341,"KMRC20","Kidney Renal Clear Cell Carcinoma"
"KIRC",2684,"769P","Kidney Renal Clear Cell Carcinoma"
"KIRC",6340,"KMRC3","Kidney Renal Clear Cell Carcinoma"
"KIRC",14491,"RCCMF","Kidney Renal Clear Cell Carcinoma"
"KIRC",140,"CAKI1","Kidney Renal Clear Cell Carcinoma"
"KIRC",78095,"SLR24","Kidney Renal Clear Cell Carcinoma"
"KIRC",3278,"RCC10RGB","Kidney Renal Clear Cell Carcinoma"
"KIRC",32206,"UOK101","Kidney Renal Clear Cell Carcinoma"
"KIRC",23327,"SNU1272","Kidney Renal Clear Cell Carcinoma"
"KIRC",14539,"TUHR14TKB","Kidney Renal Clear Cell Carcinoma"
"KIRC",14538,"TUHR10TKB","Kidney Renal Clear Cell Carcinoma"
"KIRC",78092,"SLR21","Kidney Renal Clear Cell Carcinoma"
"KIRC",3333,"SN12C","Kidney Renal Clear Cell Carcinoma"
"KIRC",2699,"A704","Kidney Renal Clear Cell Carcinoma"
"KIRC",6338,"KMRC1","Kidney Renal Clear Cell Carcinoma"
"KIRC",6339,"KMRC2","Kidney Renal Clear Cell Carcinoma"
"KIRC",14486,"RCCJF","Kidney Renal Clear Cell Carcinoma"
"KIRC",83270,"NCC021","Kidney Renal Clear Cell Carcinoma"
"KIRC",78097,"SLR26","Kidney Renal Clear Cell Carcinoma"
"KIRC",78094,"SLR23","Kidney Renal Clear Cell Carcinoma"
"KIRC",3302,"RXF393","Kidney Renal Clear Cell Carcinoma"
"KIRC",14475,"RCCAB","Kidney Renal Clear Cell Carcinoma"
"KIRC",6148,"UMRC2","Kidney Renal Clear Cell Carcinoma"
"KIRC",3400,"TK10","Kidney Renal Clear Cell Carcinoma"
"KIRC",83269,"NCC010","Kidney Renal Clear Cell Carcinoma"
"KIRC",14543,"TUHR4TKB","Kidney Renal Clear Cell Carcinoma"
"KIRC",2998,"LB1047RCC","Kidney Renal Clear Cell Carcinoma"
"KIRC",2999,"LB2241RCC","Kidney Renal Clear Cell Carcinoma"
"KIRC",3416,"VMRCRCW","Kidney Renal Clear Cell Carcinoma"
"KIRC",2685,"786O","Kidney Renal Clear Cell Carcinoma"
"KIRC",3347,"SW156","Kidney Renal Clear Cell Carcinoma"
"KIRC",78096,"SLR25","Kidney Renal Clear Cell Carcinoma"
"KIRC",14487,"RCCJW","Kidney Renal Clear Cell Carcinoma"
"KIRC",14480,"RCCFG2","Kidney Renal Clear Cell Carcinoma"
"KIRC",6149,"UMRC3","Kidney Renal Clear Cell Carcinoma"
"KIRC",3005,"LB996RCC","Kidney Renal Clear Cell Carcinoma"
"KIRC",2690,"A498","Kidney Renal Clear Cell Carcinoma"
"KIRC",78090,"SKRC20","Kidney Renal Clear Cell Carcinoma"
"KIRC",16775,"SKRC31","Kidney Renal Clear Cell Carcinoma"
"KIRC",6151,"UMRC7","Kidney Renal Clear Cell Carcinoma"
"KIRC",3417,"VMRCRCZ","Kidney Renal Clear Cell Carcinoma"
"KIRC",2875,"HA7RCC","Kidney Renal Clear Cell Carcinoma"
"KIRC",6150,"UMRC6NEO","Kidney Renal Clear Cell Carcinoma"
"KIRC",2712,"BB65RCC","Kidney Renal Clear Cell Carcinoma"
"KIRC",3534,"UO31","Kidney Renal Clear Cell Carcinoma"
"KIRC",14477,"RCCER","Kidney Renal Clear Cell Carcinoma"
"KIRC",283,"RCC4","Kidney Renal Clear Cell Carcinoma"
"KIRP",2701,"ACHN","Kidney Renal Papillary Cell Carcinoma"
"KIRP",141,"CAKI2","Kidney Renal Papillary Cell Carcinoma"
"LAML",1,"HEL","Acute Myeloid Leukemia"
"LAML",131,"CESS","Acute Myeloid Leukemia"
"LAML",132,"CMK","Acute Myeloid Leukemia"
"LAML",133,"CMK115","Acute Myeloid Leukemia"
"LAML",6,"THP1","Acute Myeloid Leukemia"
"LAML",3052,"ML2","Acute Myeloid Leukemia"
"LAML",5702,"SKNO1","Acute Myeloid Leukemia"
"LAML",3059,"MONOMAC1","Acute Myeloid Leukemia"
"LAML",3060,"MONOMAC6","Acute Myeloid Leukemia"
"LAML",2980,"KY821","Acute Myeloid Leukemia"
"LAML",3238,"NKM1","Acute Myeloid Leukemia"
"LAML",11499,"BDCM","Acute Myeloid Leukemia"
"LAML",3250,"OCIAML2","Acute Myeloid Leukemia"
"LAML",3251,"OCIAML5","Acute Myeloid Leukemia"
"LAML",5944,"HEL9217","Acute Myeloid Leukemia"
"LAML",5661,"ME1","Acute Myeloid Leukemia"
"LAML",5634,"HNT34","Acute Myeloid Leukemia"
"LAML",3402,"TUR","Acute Myeloid Leukemia"
"LAML",5666,"MOLM16","Acute Myeloid Leukemia"
"LAML",5729,"UT7","Acute Myeloid Leukemia"
"LAML",5685,"OCIM1","Acute Myeloid Leukemia"
"LAML",5686,"OCIM2","Acute Myeloid Leukemia"
"LAML",3470,"OCIAML3","Acute Myeloid Leukemia"
"LAML",3263,"P31FUJ","Acute Myeloid Leukemia"
"LAML",2864,"GDM1","Acute Myeloid Leukemia"
"LAML",2907,"HDMYZ","Acute Myeloid Leukemia"
"LAML",5659,"M07E","Acute Myeloid Leukemia"
"LAML",2,"HL60","Acute Myeloid Leukemia"
"LAML",81,"SKM1","Acute Myeloid Leukemia"
"LAML",348,"KASUMI1","Acute Myeloid Leukemia"
"LAML",3240,"NOMO1","Acute Myeloid Leukemia"
"LAML",20135,"MOLM14","Acute Myeloid Leukemia"
"LAML",5,"NB4","Acute Myeloid Leukemia"
"LAML",5675,"MUTZ8","Acute Myeloid Leukemia"
"LAML",5665,"MOLM13","Acute Myeloid Leukemia"
"LAML",54,"MV411","Acute Myeloid Leukemia"
"LAML",5687,"PL21","Acute Myeloid Leukemia"
"LAML",5688,"PLB985","Acute Myeloid Leukemia"
"LAML",325,"TF1","Acute Myeloid Leukemia"
"LAML",2966,"KMOE2","Acute Myeloid Leukemia"
"LAML",7,"U937","Acute Myeloid Leukemia"
"LAML",5695,"SET2","Acute Myeloid Leukemia"
"LAML",5697,"SHI1","Acute Myeloid Leukemia"
"LAML",2705,"AML193","Acute Myeloid Leukemia"
"LAML",219,"KG1","Acute Myeloid Leukemia"
"LAML",359,"KASUMI6","Acute Myeloid Leukemia"
"LAML",2955,"KO52","Acute Myeloid Leukemia"
"LAML",3276,"QIMRWIL","Acute Myeloid Leukemia"
"LAML",6205,"CMK86","Acute Myeloid Leukemia"
"LAML",3067,"MUTZ3","Acute Myeloid Leukemia"
"LAML",8220,"MYM12","Acute Myeloid Leukemia"
"LAML",14174,"OCIAML4","Acute Myeloid Leukemia"
"LAML",3323,"SIGM5","Acute Myeloid Leukemia"
"LAML",3030,"MC1010","Acute Myeloid Leukemia"
"LGG",2727,"BECKER","Brain Lower Grade Glioma"
"LGG",307,"SNB19","Brain Lower Grade Glioma"
"LGG",8804,"LN319","Brain Lower Grade Glioma"
"LGG",17027,"TM31","Brain Lower Grade Glioma"
"LGG",232,"LNZ308","Brain Lower Grade Glioma"
"LGG",8803,"LN235","Brain Lower Grade Glioma"
"LGG",582,"HS683","Brain Lower Grade Glioma"
"LGG",6056,"MOGGUVW","Brain Lower Grade Glioma"
"LGG",3350,"SW1783","Brain Lower Grade Glioma"
"LGG",3318,"SF268","Brain Lower Grade Glioma"
"LGG",20,"U138MG","Brain Lower Grade Glioma"
"LGG",79945,"DIPG007","Brain Lower Grade Glioma"
"LGG",3239,"NMCG1","Brain Lower Grade Glioma"
"LGG",2962,"KINGS1","Brain Lower Grade Glioma"
"LGG",6055,"MOGGCCM","Brain Lower Grade Glioma"
"LGG",29603,"U178","Brain Lower Grade Glioma"
"LGG",8800,"LN215","Brain Lower Grade Glioma"
"LGG",8588,"LNZTA3WT4","Brain Lower Grade Glioma"
"LGG",3343,"SW1088","Brain Lower Grade Glioma"
"LGG",6327,"KG1C","Brain Lower Grade Glioma"
"LGG",377,"U118MG","Brain Lower Grade Glioma"
"LGG",3326,"SKMG1","Brain Lower Grade Glioma"
"LGG",21,"U251MG","Brain Lower Grade Glioma"
"LGG",2752,"CCFSTTG1","Brain Lower Grade Glioma"
"LGG",14062,"SNU738","Brain Lower Grade Glioma"
"LGG",2873,"H4","Brain Lower Grade Glioma"
"LGG",92,"1321N1","Brain Lower Grade Glioma"
"LIHC",14077,"SNU878","Liver Hepatocellular Carcinoma"
"LIHC",280,"PLCPRF5","Liver Hepatocellular Carcinoma"
"LIHC",14078,"SNU886","Liver Hepatocellular Carcinoma"
"LIHC",282,"SNU475","Liver Hepatocellular Carcinoma"
"LIHC",14064,"SNU761","Liver Hepatocellular Carcinoma"
"LIHC",6206,"JHH7","Liver Hepatocellular Carcinoma"
"LIHC",2732,"C3A","Liver Hepatocellular Carcinoma"
"LIHC",209,"JHH5","Liver Hepatocellular Carcinoma"
"LIHC",211,"SNU423","Liver Hepatocellular Carcinoma"
"LIHC",2930,"HUH6CLONE5","Liver Hepatocellular Carcinoma"
"LIHC",2915,"HLE","Liver Hepatocellular Carcinoma"
"LIHC",261,"SNU449","Liver Hepatocellular Carcinoma"
"LIHC",6306,"HLF","Liver Hepatocellular Carcinoma"
"LIHC",149,"SNU387","Liver Hepatocellular Carcinoma"
"LIHC",190,"HEP3B217","Liver Hepatocellular Carcinoma"
"LIHC",196,"HUH7","Liver Hepatocellular Carcinoma"
"LIHC",20186,"KMCH1","Liver Hepatocellular Carcinoma"
"LIHC",11424,"HUH6","Liver Hepatocellular Carcinoma"
"LIHC",6190,"JHH2","Liver Hepatocellular Carcinoma"
"LIHC",27,"HEPG2","Liver Hepatocellular Carcinoma"
"LIHC",8734,"LI7","Liver Hepatocellular Carcinoma"
"LIHC",6312,"HUH1","Liver Hepatocellular Carcinoma"
"LIHC",6192,"JHH6","Liver Hepatocellular Carcinoma"
"LIHC",61,"SNU398","Liver Hepatocellular Carcinoma"
"LIHC",73,"SNU182","Liver Hepatocellular Carcinoma"
"LIHC",6191,"JHH4","Liver Hepatocellular Carcinoma"
"LIHC",297,"SKHEP1","Liver Hepatocellular Carcinoma"
"LIHC",6189,"JHH1","Liver Hepatocellular Carcinoma"
"LUAD",2920,"HOP92","Lung Adenocarcinoma"
"LUAD",3139,"NCIH1944","Lung Adenocarcinoma"
"LUAD",3095,"NCIH1355","Lung Adenocarcinoma"
"LUAD",3119,"NCIH1693","Lung Adenocarcinoma"
"LUAD",3107,"NCIH1568","Lung Adenocarcinoma"
"LUAD",14099,"HCC2279","Lung Adenocarcinoma"
"LUAD",3116,"NCIH1666","Lung Adenocarcinoma"
"LUAD",3162,"NCIH2122","Lung Adenocarcinoma"
"LUAD",3282,"RERFLCAD1","Lung Adenocarcinoma"
"LUAD",2899,"HCC2935","Lung Adenocarcinoma"
"LUAD",3183,"NCIH2444","Lung Adenocarcinoma"
"LUAD",3190,"NCIH358","Lung Adenocarcinoma"
"LUAD",3106,"NCIH1563","Lung Adenocarcinoma"
"LUAD",3283,"RERFLCAD2","Lung Adenocarcinoma"
"LUAD",3112,"NCIH1623","Lung Adenocarcinoma"
"LUAD",3188,"NCIH322M","Lung Adenocarcinoma"
"LUAD",3413,"VMRCLCD","Lung Adenocarcinoma"
"LUAD",3148,"NCIH2030","Lung Adenocarcinoma"
"LUAD",78107,"HCC827GR5","Lung Adenocarcinoma"
"LUAD",3192,"NCIH441","Lung Adenocarcinoma"
"LUAD",29204,"HCC2108","Lung Adenocarcinoma"
"LUAD",83245,"201T","Lung Adenocarcinoma"
"LUAD",2829,"EKVX","Lung Adenocarcinoma"
"LUAD",3161,"NCIH2110","Lung Adenocarcinoma"
"LUAD",32385,"PC9","Lung Adenocarcinoma"
"LUAD",3101,"NCIH1435","Lung Adenocarcinoma"
"LUAD",3103,"NCIH1437","Lung Adenocarcinoma"
"LUAD",3168,"NCIH2172","Lung Adenocarcinoma"
"LUAD",3114,"NCIH1650","Lung Adenocarcinoma"
"LUAD",3127,"NCIH1793","Lung Adenocarcinoma"
"LUAD",14094,"HCC1171","Lung Adenocarcinoma"
"LUAD",3128,"NCIH1819","Lung Adenocarcinoma"
"LUAD",14095,"HCC1195","Lung Adenocarcinoma"
"LUAD",3177,"NCIH2291","Lung Adenocarcinoma"
"LUAD",438,"HS229T","Lung Adenocarcinoma"
"LUAD",3198,"NCIH522","Lung Adenocarcinoma"
"LUAD",3136,"NCIH1915","Lung Adenocarcinoma"
"LUAD",2700,"ABC1","Lung Adenocarcinoma"
"LUAD",3122,"NCIH1734","Lung Adenocarcinoma"
"LUAD",2739,"CAL12T","Lung Adenocarcinoma"
"LUAD",566,"HS618T","Lung Adenocarcinoma"
"LUAD",3109,"NCIH1573","Lung Adenocarcinoma"
"LUAD",2919,"HOP62","Lung Adenocarcinoma"
"LUAD",3152,"NCIH2073","Lung Adenocarcinoma"
"LUAD",14115,"NCIH2077","Lung Adenocarcinoma"
"LUAD",2689,"A427","Lung Adenocarcinoma"
"LUAD",3130,"NCIH1838","Lung Adenocarcinoma"
"LUAD",3098,"NCIH1395","Lung Adenocarcinoma"
"LUAD",3155,"NCIH2087","Lung Adenocarcinoma"
"LUAD",3348,"SW1573","Lung Adenocarcinoma"
"LUAD",23,"A549","Lung Adenocarcinoma"
"LUAD",3285,"RERFLCKJ","Lung Adenocarcinoma"
"LUAD",3164,"NCIH2135","Lung Adenocarcinoma"
"LUAD",2818,"DV90","Lung Adenocarcinoma"
"LUAD",3187,"NCIH322","Lung Adenocarcinoma"
"LUAD",142,"CALU6","Lung Adenocarcinoma"
"LUAD",355,"CALU3","Lung Adenocarcinoma"
"LUAD",3113,"NCIH1648","Lung Adenocarcinoma"
"LUAD",6059,"MORCPR","Lung Adenocarcinoma"
"LUAD",3174,"NCIH2228","Lung Adenocarcinoma"
"LUAD",3096,"NCIH1373","Lung Adenocarcinoma"
"LUAD",14573,"JHU028","Lung Adenocarcinoma"
"LUAD",17078,"NCIH3255","Lung Adenocarcinoma"
"LUAD",3007,"LC2AD","Lung Adenocarcinoma"
"LUAD",3182,"NCIH2405","Lung Adenocarcinoma"
"LUAD",5625,"HCC366","Lung Adenocarcinoma"
"LUAD",3123,"NCIH1755","Lung Adenocarcinoma"
"LUAD",3028,"LXF289","Lung Adenocarcinoma"
"LUAD",3125,"NCIH1781","Lung Adenocarcinoma"
"LUAD",3271,"PC14","Lung Adenocarcinoma"
"LUAD",5629,"HCC827","Lung Adenocarcinoma"
"LUAD",3126,"NCIH1792","Lung Adenocarcinoma"
"LUAD",3178,"NCIH23","Lung Adenocarcinoma"
"LUAD",14328,"HLC1","Lung Adenocarcinoma"
"LUAD",3154,"NCIH2085","Lung Adenocarcinoma"
"LUAD",3557,"COLO699","Lung Adenocarcinoma"
"LUAD",3145,"NCIH2009","Lung Adenocarcinoma"
"LUAD",3202,"NCIH596","Lung Adenocarcinoma"
"LUAD",14102,"HCC364","Lung Adenocarcinoma"
"LUAD",3143,"NCIH1993","Lung Adenocarcinoma"
"LUAD",3205,"NCIH647","Lung Adenocarcinoma"
"LUAD",3146,"NCIH2023","Lung Adenocarcinoma"
"LUAD",5882,"CORL321","Lung Adenocarcinoma"
"LUAD",3206,"NCIH650","Lung Adenocarcinoma"
"LUAD",14118,"NCIH3122","Lung Adenocarcinoma"
"LUAD",3225,"NCIH838","Lung Adenocarcinoma"
"LUAD",2716,"BEN","Lung Adenocarcinoma"
"LUAD",3115,"NCIH1651","Lung Adenocarcinoma"
"LUAD",69570,"PC3","Lung Adenocarcinoma"
"LUAD",69570,"PC3JPC3","Lung Adenocarcinoma"
"LUAD",5626,"HCC44","Lung Adenocarcinoma"
"LUAD",83251,"EMCBAC2","Lung Adenocarcinoma"
"LUAD",5627,"HCC78","Lung Adenocarcinoma"
"LUAD",14097,"HCC1833","Lung Adenocarcinoma"
"LUAD",3142,"NCIH1975","Lung Adenocarcinoma"
"LUAD",3124,"NCIH1770","Lung Adenocarcinoma"
"LUAD",3181,"NCIH2347","Lung Adenocarcinoma"
"LUAD",14100,"HCC2429","Lung Adenocarcinoma"
"LUAD",373,"SKLU1","Lung Adenocarcinoma"
"LUAD",29420,"H513","Lung Adenocarcinoma"
"LUAD",14103,"HCC461","Lung Adenocarcinoma"
"LUAD",14104,"HCC515","Lung Adenocarcinoma"
"LUAD",83250,"EMCBAC1","Lung Adenocarcinoma"
"LUAD",3180,"NCIH2342","Lung Adenocarcinoma"
"LUAD",3286,"RERFLCMS","Lung Adenocarcinoma"
"LUAD",2772,"CORL105","Lung Adenocarcinoma"
"LUAD",2903,"HCC4006","Lung Adenocarcinoma"
"LUSC",3359,"SW900","Lung Squamous Cell Carcinoma"
"LUSC",6255,"EBC1","Lung Squamous Cell Carcinoma"
"LUSC",14105,"HCC95","Lung Squamous Cell Carcinoma"
"LUSC",2831,"EPLC272H","Lung Squamous Cell Carcinoma"
"LUSC",29420,"H513","Lung Squamous Cell Carcinoma"
"LUSC",14095,"HCC1195","Lung Squamous Cell Carcinoma"
"LUSC",5623,"HCC15","Lung Squamous Cell Carcinoma"
"LUSC",3011,"LK2","Lung Squamous Cell Carcinoma"
"LUSC",14117,"NCIH2887","Lung Squamous Cell Carcinoma"
"LUSC",3121,"NCIH1703","Lung Squamous Cell Carcinoma"
"LUSC",354,"CALU1","Lung Squamous Cell Carcinoma"
"LUSC",3205,"NCIH647","Lung Squamous Cell Carcinoma"
"LUSC",11433,"RERFLCAI","Lung Squamous Cell Carcinoma"
"LUSC",2969,"KNS62","Lung Squamous Cell Carcinoma"
"LUSC",6275,"HARA","Lung Squamous Cell Carcinoma"
"LUSC",6027,"LUDLU1","Lung Squamous Cell Carcinoma"
"LUSC",269,"H157","Lung Squamous Cell Carcinoma"
"LUSC",14116,"NCIH2882","Lung Squamous Cell Carcinoma"
"LUSC",262,"NCIH292","Lung Squamous Cell Carcinoma"
"LUSC",3287,"RERFLCSQ1","Lung Squamous Cell Carcinoma"
"LUSC",3097,"NCIH1385","Lung Squamous Cell Carcinoma"
"LUSC",5881,"CORL32","Lung Squamous Cell Carcinoma"
"LUSC",3197,"NCIH520","Lung Squamous Cell Carcinoma"
"LUSC",3151,"NCIH2066","Lung Squamous Cell Carcinoma"
"LUSC",5657,"LOUNH91","Lung Squamous Cell Carcinoma"
"LUSC",78071,"HCC2814","Lung Squamous Cell Carcinoma"
"LUSC",3202,"NCIH596","Lung Squamous Cell Carcinoma"
"LUSC",5738,"HLFA","Lung Squamous Cell Carcinoma"
"LUSC",3131,"NCIH1869","Lung Squamous Cell Carcinoma"
"LUSC",3166,"NCIH2170","Lung Squamous Cell Carcinoma"
"LUSC",29203,"HCC1588","Lung Squamous Cell Carcinoma"
"LUSC",14099,"HCC2279","Lung Squamous Cell Carcinoma"
"LUSC",14304,"LC1SQSF","Lung Squamous Cell Carcinoma"
"LUSC",14101,"HCC2450","Lung Squamous Cell Carcinoma"
"LUSC",3006,"LC1F","Lung Squamous Cell Carcinoma"
"LUSC",5625,"HCC366","Lung Squamous Cell Carcinoma"
"LUSC",8197,"LC1SQ","Lung Squamous Cell Carcinoma"
"LUSC",78063,"HCC1897","Lung Squamous Cell Carcinoma"
"LUSC",11701,"SQ1","Lung Squamous Cell Carcinoma"
"LUSC",3176,"NCIH2286","Lung Squamous Cell Carcinoma"
"LUSC",3414,"VMRCLCP","Lung Squamous Cell Carcinoma"
"LUSC",374,"SKMES1","Lung Squamous Cell Carcinoma"
"LUSC",2871,"GT3TKB","Lung Squamous Cell Carcinoma"
"MESO",6039,"MERO95","Mesothelioma"
"MESO",29393,"H2591","Mesothelioma"
"MESO",29382,"H2369","Mesothelioma"
"MESO",29386,"H2461","Mesothelioma"
"MESO",77641,"H2869","Mesothelioma"
"MESO",2946,"ISTMES2","Mesothelioma"
"MESO",29383,"H2373","Mesothelioma"
"MESO",6033,"MERO25","Mesothelioma"
"MESO",6034,"MERO41","Mesothelioma"
"MESO",5640,"JL1","Mesothelioma"
"MESO",6037,"MERO83","Mesothelioma"
"MESO",5601,"DM3","Mesothelioma"
"MESO",75655,"H2722","Mesothelioma"
"MESO",75660,"H2810","Mesothelioma"
"MESO",6038,"MERO84","Mesothelioma"
"MESO",3184,"NCIH2452","Mesothelioma"
"MESO",3186,"NCIH28","Mesothelioma"
"MESO",75657,"H2795","Mesothelioma"
"MESO",14088,"ACCMESO1","Mesothelioma"
"MESO",2945,"ISTMES1","Mesothelioma"
"MESO",77640,"H2818","Mesothelioma"
"MESO",3061,"MPP89","Mesothelioma"
"MESO",6035,"MERO48A","Mesothelioma"
"MESO",3175,"NCIH226","Mesothelioma"
"MESO",6036,"MERO82","Mesothelioma"
"MESO",29405,"H290","Mesothelioma"
"MESO",75658,"H2803","Mesothelioma"
"MESO",5693,"RS5","Mesothelioma"
"MESO",29395,"H2595","Mesothelioma"
"MESO",3064,"MSTO211H","Mesothelioma"
"MESO",75659,"H2804","Mesothelioma"
"MESO",3149,"NCIH2052","Mesothelioma"
"MESO",75656,"H2731","Mesothelioma"
"MESO",6032,"MERO14","Mesothelioma"
"OV",11517,"JHOS3","Ovarian Serous Cystadenocarcinoma"
"OV",3246,"OAW42","Ovarian Serous Cystadenocarcinoma"
"OV",5769,"59M","Ovarian Serous Cystadenocarcinoma"
"OV",8290,"OVISE","Ovarian Serous Cystadenocarcinoma"
"OV",2938,"IGROV1","Ovarian Serous Cystadenocarcinoma"
"OV",6117,"PEO4","Ovarian Serous Cystadenocarcinoma"
"OV",5893,"COV644","Ovarian Serous Cystadenocarcinoma"
"OV",3559,"COLO704","Ovarian Serous Cystadenocarcinoma"
"OV",3249,"OC316","Ovarian Serous Cystadenocarcinoma"
"OV",8573,"ES2","Ovarian Serous Cystadenocarcinoma"
"OV",3248,"OC315","Ovarian Serous Cystadenocarcinoma"
"OV",39910,"OV7","Ovarian Serous Cystadenocarcinoma"
"OV",39929,"OCIC4P","Ovarian Serous Cystadenocarcinoma"
"OV",3260,"OVCAR8","Ovarian Serous Cystadenocarcinoma"
"OV",11513,"JHOM1","Ovarian Serous Cystadenocarcinoma"
"OV",8285,"OVMANA","Ovarian Serous Cystadenocarcinoma"
"OV",6111,"PEA1","Ovarian Serous Cystadenocarcinoma"
"OV",11518,"JHOS4","Ovarian Serous Cystadenocarcinoma"
"OV",2826,"EFO27","Ovarian Serous Cystadenocarcinoma"
"OV",3293,"RMGI","Ovarian Serous Cystadenocarcinoma"
"OV",8704,"OVK18","Ovarian Serous Cystadenocarcinoma"
"OV",29,"EFO21","Ovarian Serous Cystadenocarcinoma"
"OV",8789,"OVCA420","Ovarian Serous Cystadenocarcinoma"
"OV",6143,"TO14","Ovarian Serous Cystadenocarcinoma"
"OV",3507,"ONCODG1","Ovarian Serous Cystadenocarcinoma"
"OV",11509,"JHOC5","Ovarian Serous Cystadenocarcinoma"
"OV",8288,"OVSAHO","Ovarian Serous Cystadenocarcinoma"
"OV",8286,"OVMIU","Ovarian Serous Cystadenocarcinoma"
"OV",128,"CAOV4","Ovarian Serous Cystadenocarcinoma"
"OV",5887,"COV318","Ovarian Serous Cystadenocarcinoma"
"OV",6113,"PEO1","Ovarian Serous Cystadenocarcinoma"
"OV",11516,"JHOS2","Ovarian Serous Cystadenocarcinoma"
"OV",8331,"RMUGS","Ovarian Serous Cystadenocarcinoma"
"OV",13990,"SNU119","Ovarian Serous Cystadenocarcinoma"
"OV",5619,"FUOV1","Ovarian Serous Cystadenocarcinoma"
"OV",3245,"OAW28","Ovarian Serous Cystadenocarcinoma"
"OV",14075,"SNU840","Ovarian Serous Cystadenocarcinoma"
"OV",277,"PA1","Ovarian Serous Cystadenocarcinoma"
"OV",6104,"OV7","Ovarian Serous Cystadenocarcinoma"
"OV",39942,"OCIP5X","Ovarian Serous Cystadenocarcinoma"
"OV",61709,"NZOV9","Ovarian Serous Cystadenocarcinoma"
"OV",6101,"OV17R","Ovarian Serous Cystadenocarcinoma"
"OV",8284,"OVKATE","Ovarian Serous Cystadenocarcinoma"
"OV",11514,"JHOM2B","Ovarian Serous Cystadenocarcinoma"
"OV",101,"A2780","Ovarian Serous Cystadenocarcinoma"
"OV",5597,"COV434","Ovarian Serous Cystadenocarcinoma"
"OV",8291,"OVTOKO","Ovarian Serous Cystadenocarcinoma"
"OV",3258,"OVCAR4","Ovarian Serous Cystadenocarcinoma"
"OV",3403,"TYKNU","Ovarian Serous Cystadenocarcinoma"
"OV",6102,"OV56","Ovarian Serous Cystadenocarcinoma"
"OV",304,"SKOV3","Ovarian Serous Cystadenocarcinoma"
"OV",275,"OVCA433","Ovarian Serous Cystadenocarcinoma"
"OV",39930,"OCIC5X","Ovarian Serous Cystadenocarcinoma"
"OV",5888,"COV362","Ovarian Serous Cystadenocarcinoma"
"OV",8612,"TOV112D","Ovarian Serous Cystadenocarcinoma"
"OV",270,"NIHOVCAR3","Ovarian Serous Cystadenocarcinoma"
"OV",69575,"BIN67","Ovarian Serous Cystadenocarcinoma"
"OV",5890,"COV413A","Ovarian Serous Cystadenocarcinoma"
"OV",32209,"UWB1289","Ovarian Serous Cystadenocarcinoma"
"OV",5892,"COV504","Ovarian Serous Cystadenocarcinoma"
"OV",8702,"OV90","Ovarian Serous Cystadenocarcinoma"
"OV",8208,"MCAS","Ovarian Serous Cystadenocarcinoma"
"OV",127,"CAOV3","Ovarian Serous Cystadenocarcinoma"
"OV",3259,"OVCAR5","Ovarian Serous Cystadenocarcinoma"
"OV",2979,"KURAMOCHI","Ovarian Serous Cystadenocarcinoma"
"OV",220,"KGN","Ovarian Serous Cystadenocarcinoma"
"OV",23371,"HEYA8","Ovarian Serous Cystadenocarcinoma"
"OV",169,"HEY","Ovarian Serous Cystadenocarcinoma"
"OV",17040,"DOV13","Ovarian Serous Cystadenocarcinoma"
"OV",541,"HS571T","Ovarian Serous Cystadenocarcinoma"
"OV",8613,"TOV21G","Ovarian Serous Cystadenocarcinoma"
"OV",14071,"SNU8","Ovarian Serous Cystadenocarcinoma"
"OV",79944,"SCCOHT1","Ovarian Serous Cystadenocarcinoma"
"OV",3247,"OC314","Ovarian Serous Cystadenocarcinoma"
"PAAD",14026,"SNU324","Pancreatic Adenocarcinoma"
"PAAD",11548,"PK8","Pancreatic Adenocarcinoma"
"PAAD",14113,"KLM1","Pancreatic Adenocarcinoma"
"PAAD",14009,"SNU213","Pancreatic Adenocarcinoma"
"PAAD",3268,"PANC0504","Pancreatic Adenocarcinoma"
"PAAD",3475,"PACADD135","Pancreatic Adenocarcinoma"
"PAAD",3472,"PATU8988S","Pancreatic Adenocarcinoma"
"PAAD",11547,"PK1","Pancreatic Adenocarcinoma"
"PAAD",3269,"PANC0813","Pancreatic Adenocarcinoma"
"PAAD",69255,"JOPACA1","Pancreatic Adenocarcinoma"
"PAAD",180,"HPAFII","Pancreatic Adenocarcinoma"
"PAAD",8348,"TCCPAN2","Pancreatic Adenocarcinoma"
"PAAD",278,"PANC1","Pancreatic Adenocarcinoma"
"PAAD",3476,"PACADD137","Pancreatic Adenocarcinoma"
"PAAD",3474,"PACADD119","Pancreatic Adenocarcinoma"
"PAAD",3275,"PSN1","Pancreatic Adenocarcinoma"
"PAAD",2933,"HUPT3","Pancreatic Adenocarcinoma"
"PAAD",3068,"MZ1PC","Pancreatic Adenocarcinoma"
"PAAD",2934,"HUPT4","Pancreatic Adenocarcinoma"
"PAAD",3471,"PATU8902","Pancreatic Adenocarcinoma"
"PAAD",5648,"KCIMOH1","Pancreatic Adenocarcinoma"
"PAAD",3351,"SW1990","Pancreatic Adenocarcinoma"
"PAAD",3266,"PANC0327","Pancreatic Adenocarcinoma"
"PAAD",69564,"PL4","Pancreatic Adenocarcinoma"
"PAAD",5914,"GRM","Pancreatic Adenocarcinoma"
"PAAD",22837,"L33","Pancreatic Adenocarcinoma"
"PAAD",3267,"PANC0403","Pancreatic Adenocarcinoma"
"PAAD",146,"DANG","Pancreatic Adenocarcinoma"
"PAAD",3270,"PANC1005","Pancreatic Adenocarcinoma"
"PAAD",8593,"PL45","Pancreatic Adenocarcinoma"
"PAAD",2753,"CFPAC1","Pancreatic Adenocarcinoma"
"PAAD",3265,"PANC0213","Pancreatic Adenocarcinoma"
"PAAD",26,"CAPAN2","Pancreatic Adenocarcinoma"
"PAAD",3473,"PATU8988T","Pancreatic Adenocarcinoma"
"PAAD",62495,"PACADD159","Pancreatic Adenocarcinoma"
"PAAD",8193,"KP2","Pancreatic Adenocarcinoma"
"PAAD",8746,"SU8686","Pancreatic Adenocarcinoma"
"PAAD",62497,"PACADD165","Pancreatic Adenocarcinoma"
"PAAD",83271,"PL18","Pancreatic Adenocarcinoma"
"PAAD",62496,"PACADD161","Pancreatic Adenocarcinoma"
"PAAD",194,"HS766T","Pancreatic Adenocarcinoma"
"PAAD",62499,"PACADD188","Pancreatic Adenocarcinoma"
"PAAD",252,"MIAPACA2","Pancreatic Adenocarcinoma"
"PAAD",8192,"KP1NL","Pancreatic Adenocarcinoma"
"PAAD",3420,"YAPC","Pancreatic Adenocarcinoma"
"PAAD",3264,"PANC0203","Pancreatic Adenocarcinoma"
"PAAD",14034,"SNU410","Pancreatic Adenocarcinoma"
"PAAD",8191,"KP1N","Pancreatic Adenocarcinoma"
"PAAD",17035,"PK45H","Pancreatic Adenocarcinoma"
"PAAD",121,"BXPC3","Pancreatic Adenocarcinoma"
"PAAD",11381,"T3M4","Pancreatic Adenocarcinoma"
"PAAD",11698,"PK59","Pancreatic Adenocarcinoma"
"PAAD",8577,"HPAC","Pancreatic Adenocarcinoma"
"PAAD",2972,"KP4","Pancreatic Adenocarcinoma"
"PAAD",8342,"SUIT2","Pancreatic Adenocarcinoma"
"PAAD",8194,"KP3","Pancreatic Adenocarcinoma"
"PAAD",111,"ASPC1","Pancreatic Adenocarcinoma"
"PAAD",143,"CAPAN1","Pancreatic Adenocarcinoma"
"PRAD",2680,"22RV1","Prostate Adenocarcinoma"
"PRAD",5730,"VCAP","Prostate Adenocarcinoma"
"PRAD",35,"PC3","Prostate Adenocarcinoma"
"PRAD",11572,"MDAPCA2B","Prostate Adenocarcinoma"
"PRAD",6106,"P4E6","Prostate Adenocarcinoma"
"PRAD",88,"DU145","Prostate Adenocarcinoma"
"PRAD",3013,"LNCAPCLONEFGC","Prostate Adenocarcinoma"
"READ",13978,"SNU1033","Rectum Adenocarcinoma"
"READ",3279,"RCM1","Rectum Adenocarcinoma"
"READ",3357,"SW837","Rectum Adenocarcinoma"
"READ",14019,"SNU283","Rectum Adenocarcinoma"
"READ",3346,"SW1463","Rectum Adenocarcinoma"
"READ",22859,"C99","Rectum Adenocarcinoma"
"READ",2750,"CAR1","Rectum Adenocarcinoma"
"READ",14046,"SNU503","Rectum Adenocarcinoma"
"READ",22858,"C125PM","Rectum Adenocarcinoma"
"READ",14190,"C80","Rectum Adenocarcinoma"
"READ",23305,"TT1TKB","Rectum Adenocarcinoma"
"READ",2824,"ECC4","Rectum Adenocarcinoma"
"READ",14053,"SNU61","Rectum Adenocarcinoma"
"SARC",82466,"SCS214","Sarcoma"
"SARC",3382,"TE441T","Sarcoma"
"SARC",41,"SJRH30","Sarcoma"
"SARC",62201,"JR","Sarcoma"
"SARC",2839,"ESS1","Sarcoma"
"SARC",2838,"ES8","Sarcoma"
"SARC",5979,"HTK","Sarcoma"
"SARC",313,"SW1353","Sarcoma"
"SARC",3371,"TE159T","Sarcoma"
"SARC",2843,"EW11","Sarcoma"
"SARC",670,"HS822T","Sarcoma"
"SARC",2837,"ES7","Sarcoma"
"SARC",3368,"TE125T","Sarcoma"
"SARC",2737,"CADOES1","Sarcoma"
"SARC",41,"RH30","Sarcoma"
"SARC",14510,"RH4","Sarcoma"
"SARC",68608,"JR","Sarcoma"
"SARC",2844,"EW12","Sarcoma"
"SARC",76127,"RMS13","Sarcoma"
"SARC",82442,"95T1000","Sarcoma"
"SARC",63459,"CME1","Sarcoma"
"SARC",2847,"EW18","Sarcoma"
"SARC",83247,"CHSA0011","Sarcoma"
"SARC",2842,"EW1","Sarcoma"
"SARC",2836,"ES6","Sarcoma"
"SARC",6335,"KMLS1","Sarcoma"
"SARC",179,"HOS","Sarcoma"
"SARC",2846,"EW16","Sarcoma"
"SARC",2932,"HUO9","Sarcoma"
"SARC",183,"HT1080","Sarcoma"
"SARC",3383,"TE617T","Sarcoma"
"SARC",82441,"OS252","Sarcoma"
"SARC",78103,"EW8","Sarcoma"
"SARC",42,"U2OS","Sarcoma"
"SARC",64,"A673","Sarcoma"
"SARC",31878,"EWS834","Sarcoma"
"SARC",2845,"EW13","Sarcoma"
"SARC",2835,"ES5","Sarcoma"
"SARC",3045,"MHHES1","Sarcoma"
"SARC",3325,"SJSA1","Sarcoma"
"SARC",3435,"CAL78","Sarcoma"
"SARC",62623,"RH36","Sarcoma"
"SARC",13929,"TC138","Sarcoma"
"SARC",29512,"SCMCRM2","Sarcoma"
"SARC",305,"SKUT1","Sarcoma"
"SARC",6270,"G292CLONEA141B1","Sarcoma"
"SARC",63461,"127399","Sarcoma"
"SARC",609,"HS729","Sarcoma"
"SARC",5748,"143B","Sarcoma"
"SARC",2834,"ES4","Sarcoma"
"SARC",3320,"SF539","Sarcoma"
"SARC",23294,"RH28","Sarcoma"
"SARC",5691,"RDES","Sarcoma"
"SARC",3303,"S117","Sarcoma"
"SARC",3041,"MFHINO","Sarcoma"
"SARC",45203,"TC106","Sarcoma"
"SARC",2747,"CAL72","Sarcoma"
"SARC",2850,"EW3","Sarcoma"
"SARC",72089,"CS1","Sarcoma"
"SARC",15139,"SARC9371","Sarcoma"
"SARC",3244,"NY","Sarcoma"
"SARC",5692,"RH41","Sarcoma"
"SARC",23276,"HSSYII","Sarcoma"
"SARC",8265,"OUMS27","Sarcoma"
"SARC",29615,"SMSCTR","Sarcoma"
"SARC",13930,"TC205","Sarcoma"
"SARC",69422,"EWS502","Sarcoma"
"SARC",2863,"GCT","Sarcoma"
"SARC",2865,"GI1","Sarcoma"
"SARC",8607,"T173","Sarcoma"
"SARC",3289,"RH1","Sarcoma"
"SARC",696,"HS863T","Sarcoma"
"SARC",60638,"RC2","Sarcoma"
"SARC",2849,"EW24","Sarcoma"
"SARC",63664,"CW9019","Sarcoma"
"SARC",83249,"CHSA8926","Sarcoma"
"SARC",2832,"ES1","Sarcoma"
"SARC",19476,"SYO1","Sarcoma"
"SARC",77910,"LPS853","Sarcoma"
"SARC",39339,"FUJI","Sarcoma"
"SARC",17343,"YAMATO","Sarcoma"
"SARC",2931,"HUO3N1","Sarcoma"
"SARC",75425,"93T449","Sarcoma"
"SARC",32380,"TTC442","Sarcoma"
"SARC",665,"HS819T","Sarcoma"
"SARC",2848,"EW22","Sarcoma"
"SARC",3241,"NOS1","Sarcoma"
"SARC",372,"SKLMS1","Sarcoma"
"SARC",23273,"HSOS1","Sarcoma"
"SARC",83248,"CHSA0108","Sarcoma"
"SARC",79956,"RHJT","Sarcoma"
"SARC",2833,"ES3","Sarcoma"
"SARC",3354,"SW684","Sarcoma"
"SARC",8196,"KYM1","Sarcoma"
"SARC",5712,"TC71","Sarcoma"
"SARC",75424,"94T778","Sarcoma"
"SARC",2787,"D247MG","Sarcoma"
"SARC",3280,"RD","Sarcoma"
"SARC",3290,"RH18","Sarcoma"
"SARC",3411,"VAESBJ","Sarcoma"
"SARC",2692,"A204","Sarcoma"
"SARC",3362,"SW982","Sarcoma"
"SARC",2851,"EW7","Sarcoma"
"SARC",29295,"TTC466","Sarcoma"
"SARC",8329,"RKN","Sarcoma"
"SARC",62806,"LPS141","Sarcoma"
"SARC",77909,"LPS510","Sarcoma"
"SARC",318,"SAOS2","Sarcoma"
"SARC",250,"MG63","Sarcoma"
"SARC",8337,"SKN","Sarcoma"
"SARC",775,"CHLA99","Sarcoma"
"SARC",716,"HS888T","Sarcoma"
"SARC",2872,"HEMCSS","Sarcoma"
"SARC",694,"HS860T","Sarcoma"
"SARC",571,"HS633T","Sarcoma"
"SARC",3358,"SW872","Sarcoma"
"SARC",703,"HS870T","Sarcoma"
"SARC",371,"SKES1","Sarcoma"
"SARC",3038,"MESSA","Sarcoma"
"SARC",375,"SKNEP1","Sarcoma"
"SKCM",75559,"CJM","Skin Cutaneous Melanoma"
"SKCM",39,"SKMEL30","Skin Cutaneous Melanoma"
"SKCM",729,"HS895T","Skin Cutaneous Melanoma"
"SKCM",3301,"RVH421","Skin Cutaneous Melanoma"
"SKCM",3321,"SH4","Skin Cutaneous Melanoma"
"SKCM",3037,"MELJUSO","Skin Cutaneous Melanoma"
"SKCM",298,"SKMEL28","Skin Cutaneous Melanoma"
"SKCM",8335,"SEKI","Skin Cutaneous Melanoma"
"SKCM",2668,"HS936T","Skin Cutaneous Melanoma"
"SKCM",2942,"ISTMEL1","Skin Cutaneous Melanoma"
"SKCM",16925,"WM278","Skin Cutaneous Melanoma"
"SKCM",3562,"COLO783","Skin Cutaneous Melanoma"
"SKCM",678,"HS839T","Skin Cutaneous Melanoma"
"SKCM",184,"HT144","Skin Cutaneous Melanoma"
"SKCM",2779,"CP67MEL","Skin Cutaneous Melanoma"
"SKCM",2671,"HS939T","Skin Cutaneous Melanoma"
"SKCM",40,"WM115","Skin Cutaneous Melanoma"
"SKCM",17070,"WM983B","Skin Cutaneous Melanoma"
"SKCM",299,"SKMEL5","Skin Cutaneous Melanoma"
"SKCM",353,"SKMEL31","Skin Cutaneous Melanoma"
"SKCM",352,"SKMEL24","Skin Cutaneous Melanoma"
"SKCM",260,"MEWO","Skin Cutaneous Melanoma"
"SKCM",3296,"RPMI7951","Skin Cutaneous Melanoma"
"SKCM",3563,"COLO818","Skin Cutaneous Melanoma"
"SKCM",6049,"MM386","Skin Cutaneous Melanoma"
"SKCM",3029,"M14","Skin Cutaneous Melanoma"
"SKCM",3001,"LB373MELD","Skin Cutaneous Melanoma"
"SKCM",2937,"IGR1","Skin Cutaneous Melanoma"
"SKCM",3069,"MZ2MEL","Skin Cutaneous Melanoma"
"SKCM",5635,"IGR37","Skin Cutaneous Melanoma"
"SKCM",2675,"HS944T","Skin Cutaneous Melanoma"
"SKCM",17066,"WM88","Skin Cutaneous Melanoma"
"SKCM",319,"SKMEL3","Skin Cutaneous Melanoma"
"SKCM",2767,"COLO741","Skin Cutaneous Melanoma"
"SKCM",2769,"COLO800","Skin Cutaneous Melanoma"
"SKCM",675,"HS834T","Skin Cutaneous Melanoma"
"SKCM",584,"HS688AT","Skin Cutaneous Melanoma"
"SKCM",6173,"WM2664","Skin Cutaneous Melanoma"
"SKCM",2771,"COLO829","Skin Cutaneous Melanoma"
"SKCM",2777,"CP50MELB","Skin Cutaneous Melanoma"
"SKCM",3000,"LB2518MEL","Skin Cutaneous Melanoma"
"SKCM",8473,"HMCB","Skin Cutaneous Melanoma"
"SKCM",6308,"HMY1","Skin Cutaneous Melanoma"
"SKCM",17058,"WM3211","Skin Cutaneous Melanoma"
"SKCM",2691,"A101D","Skin Cutaneous Melanoma"
"SKCM",3036,"MELHO","Skin Cutaneous Melanoma"
"SKCM",191,"HS294T","Skin Cutaneous Melanoma"
"SKCM",2731,"C32","Skin Cutaneous Melanoma"
"SKCM",58,"SKMEL2","Skin Cutaneous Melanoma"
"SKCM",2941,"IPC298","Skin Cutaneous Melanoma"
"SKCM",3015,"LOXIMVI","Skin Cutaneous Melanoma"
"SKCM",367,"MDAMB435S","Skin Cutaneous Melanoma"
"SKCM",687,"HS852T","Skin Cutaneous Melanoma"
"SKCM",31653,"K2","Skin Cutaneous Melanoma"
"SKCM",100,"A375","Skin Cutaneous Melanoma"
"SKCM",2666,"HS934T","Skin Cutaneous Melanoma"
"SKCM",57,"SKMEL1","Skin Cutaneous Melanoma"
"SKCM",2764,"COLO679","Skin Cutaneous Melanoma"
"SKCM",3054,"MMACSF","Skin Cutaneous Melanoma"
"SKCM",3406,"UACC62","Skin Cutaneous Melanoma"
"SKCM",16619,"SKMEL19","Skin Cutaneous Melanoma"
"SKCM",2768,"COLO792","Skin Cutaneous Melanoma"
"SKCM",69443,"M00921","Skin Cutaneous Melanoma"
"SKCM",6050,"MM415","Skin Cutaneous Melanoma"
"SKCM",6048,"MM383","Skin Cutaneous Melanoma"
"SKCM",341,"WM35","Skin Cutaneous Melanoma"
"SKCM",23326,"WM793","Skin Cutaneous Melanoma"
"SKCM",553,"HS600T","Skin Cutaneous Melanoma"
"SKCM",2778,"CP66MEL","Skin Cutaneous Melanoma"
"SKCM",589,"HS695T","Skin Cutaneous Melanoma"
"SKCM",3070,"MZ7MEL","Skin Cutaneous Melanoma"
"SKCM",3415,"VMRCMELG","Skin Cutaneous Melanoma"
"SKCM",2673,"HS940T","Skin Cutaneous Melanoma"
"SKCM",2854,"G361","Skin Cutaneous Melanoma"
"SKCM",29194,"WM1799","Skin Cutaneous Melanoma"
"SKCM",6047,"MM370","Skin Cutaneous Melanoma"
"SKCM",5636,"IGR39","Skin Cutaneous Melanoma"
"SKCM",2693,"A2058","Skin Cutaneous Melanoma"
"SKCM",16924,"WM1552C","Skin Cutaneous Melanoma"
"SKCM",5876,"COLO794","Skin Cutaneous Melanoma"
"SKCM",23324,"K029AX","Skin Cutaneous Melanoma"
"SKCM",80827,"GMEL","Skin Cutaneous Melanoma"
"SKCM",2756,"CHL1","Skin Cutaneous Melanoma"
"SKCM",16887,"451LU","Skin Cutaneous Melanoma"
"SKCM",69366,"M980513","Skin Cutaneous Melanoma"
"SKCM",3072,"MALME3M","Skin Cutaneous Melanoma"
"SKCM",5589,"COLO849","Skin Cutaneous Melanoma"
"SKCM",79804,"MET2B","Skin Cutaneous Melanoma"
"SKCM",79803,"M1203273","Skin Cutaneous Melanoma"
"SKCM",6043,"MM127","Skin Cutaneous Melanoma"
"SKCM",6051,"MM426","Skin Cutaneous Melanoma"
"SKCM",3405,"UACC257","Skin Cutaneous Melanoma"
"STAD",8522,"KE39","Stomach Adenocarcinoma"
"STAD",11654,"HUG1N","Stomach Adenocarcinoma"
"STAD",6269,"FU97","Stomach Adenocarcinoma"
"STAD",84,"SNU601","Stomach Adenocarcinoma"
"STAD",6317,"IM95","Stomach Adenocarcinoma"
"STAD",62,"SNU5","Stomach Adenocarcinoma"
"STAD",193,"HS746T","Stomach Adenocarcinoma"
"STAD",3396,"TGBC11TKB","Stomach Adenocarcinoma"
"STAD",60,"SNU16","Stomach Adenocarcinoma"
"STAD",3316,"SCH","Stomach Adenocarcinoma"
"STAD",14047,"SNU520","Stomach Adenocarcinoma"
"STAD",3234,"NCIN87","Stomach Adenocarcinoma"
"STAD",5700,"SKGT2","Stomach Adenocarcinoma"
"STAD",2913,"HGC27","Stomach Adenocarcinoma"
"STAD",23370,"GSU","Stomach Adenocarcinoma"
"STAD",8259,"OCUM1","Stomach Adenocarcinoma"
"STAD",11425,"TMK1","Stomach Adenocarcinoma"
"STAD",3243,"NUGC3","Stomach Adenocarcinoma"
"STAD",3049,"MKN1","Stomach Adenocarcinoma"
"STAD",82,"SNU1","Stomach Adenocarcinoma"
"STAD",83272,"STS0421","Stomach Adenocarcinoma"
"STAD",3050,"MKN28","Stomach Adenocarcinoma"
"STAD",2681,"2313287","Stomach Adenocarcinoma"
"STAD",3242,"NUGC2","Stomach Adenocarcinoma"
"STAD",6194,"MKN74","Stomach Adenocarcinoma"
"STAD",216,"KATOIII","Stomach Adenocarcinoma"
"STAD",14054,"SNU620","Stomach Adenocarcinoma"
"STAD",11656,"LMSU","Stomach Adenocarcinoma"
"STAD",8326,"RERFGC1B","Stomach Adenocarcinoma"
"STAD",3051,"MKN7","Stomach Adenocarcinoma"
"STAD",23369,"GSS","Stomach Adenocarcinoma"
"STAD",254,"MKN45","Stomach Adenocarcinoma"
"STAD",8257,"NUGC4","Stomach Adenocarcinoma"
"STAD",2862,"GCIY","Stomach Adenocarcinoma"
"STAD",14061,"SNU719","Stomach Adenocarcinoma"
"STAD",85,"SNU638","Stomach Adenocarcinoma"
"STAD",8240,"NCCSTCK140","Stomach Adenocarcinoma"
"STAD",14125,"SH10TC","Stomach Adenocarcinoma"
"STAD",29237,"HSC39","Stomach Adenocarcinoma"
"STAD",2823,"ECC12","Stomach Adenocarcinoma"
"STAD",8795,"SNU216","Stomach Adenocarcinoma"
"STAD",105,"AGS","Stomach Adenocarcinoma"
"STAD",2822,"ECC10","Stomach Adenocarcinoma"
"STAD",14056,"SNU668","Stomach Adenocarcinoma"
"TGCT",3235,"NEC8","Testicular Germ Cell Tumors"
"TGCT",60542,"SUSA","Testicular Germ Cell Tumors"
"TGCT",3082,"NCCIT","Testicular Germ Cell Tumors"
"THCA",2687,"8305C","Thyroid Carcinoma"
"THCA",343,"RO82W1","Thyroid Carcinoma"
"THCA",5911,"FTC238","Thyroid Carcinoma"
"THCA",6227,"ASH3","Thyroid Carcinoma"
"THCA",2688,"8505C","Thyroid Carcinoma"
"THCA",2956,"K5","Thyroid Carcinoma"
"THCA",3401,"TT","Thyroid Carcinoma"
"THCA",2853,"FTC133","Thyroid Carcinoma"
"THCA",5714,"TT2609C02","Thyroid Carcinoma"
"THCA",51135,"ML1","Thyroid Carcinoma"
"THCA",6316,"IHH4","Thyroid Carcinoma"
"THCA",112,"BCPAP","Thyroid Carcinoma"
"THCA",69338,"KMHDASH2","Thyroid Carcinoma"
"THCA",8605,"SW579","Thyroid Carcinoma"
"THCA",2719,"BHT101","Thyroid Carcinoma"
"THCA",23265,"HOTHC","Thyroid Carcinoma"
"THCA",22772,"T3M5","Thyroid Carcinoma"
"THCA",5660,"MB1","Thyroid Carcinoma"
"THCA",2929,"HTCC3","Thyroid Carcinoma"
"THCA",2754,"CGTHW1","Thyroid Carcinoma"
"THCA",2746,"CAL62","Thyroid Carcinoma"
"UCEC",2963,"KLE","Uterine Corpus Endometrial Carcinoma"
"UCEC",28,"AN3CA","Uterine Corpus Endometrial Carcinoma"
"UCEC",285,"RL952","Uterine Corpus Endometrial Carcinoma"
"UCEC",165,"HEC1A","Uterine Corpus Endometrial Carcinoma"
"UCEC",6285,"HEC151","Uterine Corpus Endometrial Carcinoma"
"UCEC",3335,"SNGM","Uterine Corpus Endometrial Carcinoma"
"UCEC",6283,"HEC108","Uterine Corpus Endometrial Carcinoma"
"UCEC",2825,"EFE184","Uterine Corpus Endometrial Carcinoma"
"UCEC",5662,"MFE319","Uterine Corpus Endometrial Carcinoma"
"UCEC",8735,"HHUA","Uterine Corpus Endometrial Carcinoma"
"UCEC",6289,"HEC50B","Uterine Corpus Endometrial Carcinoma"
"UCEC",6287,"HEC251","Uterine Corpus Endometrial Carcinoma"
"UCEC",166,"HEC1B","Uterine Corpus Endometrial Carcinoma"
"UCEC",11526,"JHUEM3","Uterine Corpus Endometrial Carcinoma"
"UCEC",41532,"TEN","Uterine Corpus Endometrial Carcinoma"
"UCEC",11524,"JHUEM1","Uterine Corpus Endometrial Carcinoma"
"UCEC",11525,"JHUEM2","Uterine Corpus Endometrial Carcinoma"
"UCEC",2908,"HEC1","Uterine Corpus Endometrial Carcinoma"
"UCEC",3040,"MFE296","Uterine Corpus Endometrial Carcinoma"
"UCEC",6288,"HEC265","Uterine Corpus Endometrial Carcinoma"
"UCEC",6284,"HEC116","Uterine Corpus Endometrial Carcinoma"
"UCEC",16929,"ISHIKAWAHERAKLIO02ER","Uterine Corpus Endometrial Carcinoma"
"UCEC",11527,"JHUEM7","Uterine Corpus Endometrial Carcinoma"
"UCEC",8736,"HOUAI","Uterine Corpus Endometrial Carcinoma"
"UCEC",3039,"MFE280","Uterine Corpus Endometrial Carcinoma"
"UCEC",6291,"HEC6","Uterine Corpus Endometrial Carcinoma"
"UCEC",5612,"EN","Uterine Corpus Endometrial Carcinoma"
"UCEC",6290,"HEC59","Uterine Corpus Endometrial Carcinoma"
"UCEC",2766,"COLO684","Uterine Corpus Endometrial Carcinoma"
"UCS",41569,"EMTOKA","Uterine Carcinosarcoma"
"UCS",14058,"SNU685","Uterine Carcinosarcoma"
"UCS",13983,"SNU1077","Uterine Carcinosarcoma"
"UCS",23278,"HTMMT","Uterine Carcinosarcoma"
"UVM",12053,"MP46","Uveal Melanoma"
"UVM",35774,"OMM25","Uveal Melanoma"
"UVM",35770,"MEL285","Uveal Melanoma"
"UVM",35768,"MEL202","Uveal Melanoma"
"UVM",23173,"921","Uveal Melanoma"
"UVM",17176,"OMM1","Uveal Melanoma"
"UVM",35771,"MEL290","Uveal Melanoma"
